﻿Designator,Footprint,Quantity,Value,LCSC Part #
"R1, R3, R4",R0603,3,100mW Thick Film Resistors 75V ±100ppm/℃ ±1% 390Ω 0603 Chip Resistor - Surface Mount ROHS,
R2,R0603,1,100mW Thick Film Resistors 75V ±100ppm/℃ ±1% 1.8kΩ 0603 Chip Resistor - Surface Mount ROHS,
U1,CAPPRD200W50D550H1250,1,"Rubycon 100uF 25 V dc Aluminium Electrolytic Capacitor, YXJ Series 5000h 5 Dia. x 11mm",
"U10, U19, U7",HDRV6W64P0X254_1X6_1524X250X952P,3,CONN HEADER VERT 6POS 2.54MM,
"U11, U8",HDRV8W64P0X254_1X8_2032X250X888P,2,Conn Unshrouded Header HDR 8 POS 2.54mm Solder ST Thru-Hole,
"U12, U3, U9",1729128,3,"PCB terminal block, nominal current: 13.5 A, rated voltage (III/2): 400 V, nominal cross section: 1.5 mm?, Number of potentials: 2, Number of rows: 1, Number of positions per row: 2, product range: MKDSN 1,5, pitch: 5.08 mm, connection method: Screw connection with tension sleeve, mounting: Wave soldering, conductor/PCB connection direction: 0 ?, color: green, Pin layout: Linear pinning, Solder pin [P]: 3.5 mm, type of packaging: packed in cardboard",
"U13, U16, U20, U21",HDRV3W64P0X254_1X3_762X250X952P,4,CONN HEADER VERT 3POS 2.54MM,
"U14, U17",C0603,2,"SMD Comm X7R, Ceramic, 0.1 uF, 20%, 50 VDC, 125 VDC, 125C, -55C, X7R, SMD, MLCC, Temperature Stable, Class II, 2.5 % , 5 GOhms, 7.3 mg, 0603, 1.6mm, 0.8mm, 0.8mm, 0.7mm, 0.35mm, 4000, 78  Weeks, 80",
"U15, U18",CAPPRD500W60D1025H1750,2,"Nichicon 470F 25V dc Aluminium Electrolytic Capacitor, Through Hole 10 (Dia.) x 16mm +105C 10mm 5mm",
U2,CAPC3216X180N,1,Cap Ceramic 10uF 16V X7R 10% Pad SMD 1206 125C T/R,
"U22, U23, U5, U6",LEDC1608X80N,4,"Wurth Elektronik WL-SMCW 520 nm Green LED, 1608 (0603) Clear SMD package",
U4,HDRV2W64P0X254_1X2_508X250X850P,1,CONN HEADER VERT 2POS 2.54MM,
